{
	"aacute": "\u00E1",
	"Aacute": "\u00C1",
	"acirc": "\u00E2",
	"Acirc": "\u00C2",
	"acute": "\u00B4",
	"aelig": "\u00E6",
	"AElig": "\u00C6",
	"agrave": "\u00E0",
	"Agrave": "\u00C0",
	"amp": "&",
	"AMP": "&",
	"aring": "\u00E5",
	"Aring": "\u00C5",
	"atilde": "\u00E3",
	"Atilde": "\u00C3",
	"auml": "\u00E4",
	"Auml": "\u00C4",
	"brvbar": "\u00A6",
	"ccedil": "\u00E7",
	"Ccedil": "\u00C7",
	"cedil": "\u00B8",
	"cent": "\u00A2",
	"copy": "\u00A9",
	"COPY": "\u00A9",
	"curren": "\u00A4",
	"deg": "\u00B0",
	"divide": "\u00F7",
	"eacute": "\u00E9",
	"Eacute": "\u00C9",
	"ecirc": "\u00EA",
	"Ecirc": "\u00CA",
	"egrave": "\u00E8",
	"Egrave": "\u00C8",
	"eth": "\u00F0",
	"ETH": "\u00D0",
	"euml": "\u00EB",
	"Euml": "\u00CB",
	"frac12": "\u00BD",
	"frac14": "\u00BC",
	"frac34": "\u00BE",
	"gt": ">",
	"GT": ">",
	"iacute": "\u00ED",
	"Iacute": "\u00CD",
	"icirc": "\u00EE",
	"Icirc": "\u00CE",
	"iexcl": "\u00A1",
	"igrave": "\u00EC",
	"Igrave": "\u00CC",
	"iquest": "\u00BF",
	"iuml": "\u00EF",
	"Iuml": "\u00CF",
	"laquo": "\u00AB",
	"lt": "<",
	"LT": "<",
	"macr": "\u00AF",
	"micro": "\u00B5",
	"middot": "\u00B7",
	"nbsp": "\u00A0",
	"not": "\u00AC",
	"ntilde": "\u00F1",
	"Ntilde": "\u00D1",
	"oacute": "\u00F3",
	"Oacute": "\u00D3",
	"ocirc": "\u00F4",
	"Ocirc": "\u00D4",
	"ograve": "\u00F2",
	"Ograve": "\u00D2",
	"ordf": "\u00AA",
	"ordm": "\u00BA",
	"oslash": "\u00F8",
	"Oslash": "\u00D8",
	"otilde": "\u00F5",
	"Otilde": "\u00D5",
	"ouml": "\u00F6",
	"Ouml": "\u00D6",
	"para": "\u00B6",
	"plusmn": "\u00B1",
	"pound": "\u00A3",
	"quot": "\"",
	"QUOT": "\"",
	"raquo": "\u00BB",
	"reg": "\u00AE",
	"REG": "\u00AE",
	"sect": "\u00A7",
	"shy": "\u00AD",
	"sup1": "\u00B9",
	"sup2": "\u00B2",
	"sup3": "\u00B3",
	"szlig": "\u00DF",
	"thorn": "\u00FE",
	"THORN": "\u00DE",
	"times": "\u00D7",
	"uacute": "\u00FA",
	"Uacute": "\u00DA",
	"ucirc": "\u00FB",
	"Ucirc": "\u00DB",
	"ugrave": "\u00F9",
	"Ugrave": "\u00D9",
	"uml": "\u00A8",
	"uuml": "\u00FC",
	"Uuml": "\u00DC",
	"yacute": "\u00FD",
	"Yacute": "\u00DD",
	"yen": "\u00A5",
	"yuml": "\u00FF"
}
